Order ID;Date;Service;Hours of Work;Hourly Rate;Total Price;Payment Method;Country;Client Name
7785;2024-06-07;Diseño Gráfico y Branding;6;55.06;330.36;Bank Transfer;USA;David Monroe
9250;2024-02-12;Consultoría en Diseño Web;27;78.56;2121.12;Credit Card;Germany;Heidi Gonzalez
7609;2024-08-22;Desarrollo Web;23;59.47;1367.81;Credit Card;Australia;Leonard Williams
4159;2024-08-15;Diseño Gráfico y Branding;8;85.6;684.8;PayPal;USA;Michael Washington DDS
9561;2024-07-14;Consultoría en Diseño Web;13;80.16;1042.08;PayPal;Germany;Jennifer Richardson
2363;2024-09-28;Consultoría en Diseño Web;35;72.21;2527.35;Bank Transfer;Canada;Lisa Lee
3897;2024-02-10;Desarrollo Web;10;106.23;1062.3;Credit Card;USA;Andrew Chavez
4689;2024-06-17;Diseño Gráfico y Branding;41;48.17;1974.97;Bank Transfer;Australia;Jessica Simpson
8464;2024-06-07;Diseño Gráfico y Branding;31;141.73;4393.63;Credit Card;Germany;James Franklin
4764;2024-09-30;Desarrollo Web;44;30.68;1349.92;PayPal;USA;Rhonda Mann
4387;2024-05-20;Diseño Gráfico y Branding;28;110.31;3088.68;Credit Card;Canada;Derek Fernandez
1322;2024-03-10;Mantenimiento Web;45;44.43;1999.35;Bank Transfer;Australia;Andrea Green
3294;2024-07-13;Diseño Gráfico y Branding;5;25.18;125.9;Bank Transfer;Germany;Deanna Thompson
3113;2024-10-24;Consultoría en Diseño Web;29;145.32;4214.28;PayPal;Australia;Paul Moss
6365;2024-01-14;Consultoría en Diseño Web;15;83.32;1249.8;PayPal;USA;Rodney Robinson
2417;2024-07-05;Consultoría en Diseño Web;18;70.51;1269.18;PayPal;UK;Cory Mercado
9511;2024-01-02;Diseño Gráfico y Branding;18;148.27;2668.86;Bank Transfer;Australia;Miguel Nunez
4368;2024-07-14;Consultoría en Diseño Web;35;96.19;3366.65;PayPal;UK;Mary Brooks
4579;2024-01-16;Consultoría en Diseño Web;22;143.96;3167.12;PayPal;Australia;Brandon Bailey
5952;2024-01-23;Mantenimiento Web;44;98.07;4315.08;Credit Card;Australia;Joann Rogers
7453;2024-04-15;Mantenimiento Web;8;39.13;313.04;PayPal;USA;Patricia Giles
4560;2024-01-29;Diseño Gráfico y Branding;10;82.05;820.5;Bank Transfer;Germany;Brooke Casey
6122;2024-07-22;Consultoría en Diseño Web;30;59.42;1782.6;PayPal;USA;Paul Gibson
7717;2024-05-09;Diseño Gráfico y Branding;23;83.42;1918.66;Credit Card;Canada;Elijah Jenkins
3992;2024-01-21;Diseño Gráfico y Branding;19;46.4;881.6;PayPal;Canada;Matthew Johnson
7275;2024-03-31;Desarrollo Web;21;144.0;3024.0;Bank Transfer;UK;Joshua Hughes
4509;2024-01-12;Mantenimiento Web;19;53.41;1014.79;Credit Card;UK;Rebecca Stevens
9827;2024-07-25;Desarrollo Web;38;54.41;2067.58;Bank Transfer;Germany;Gabriel Holt
8616;2024-10-06;Desarrollo Web;18;110.55;1989.9;Bank Transfer;USA;Jamie Pierce
8452;2024-10-23;Consultoría en Diseño Web;19;25.84;490.96;Credit Card;USA;Lisa Ortega
7552;2024-04-24;Desarrollo Web;6;126.52;759.12;Bank Transfer;USA;Jennifer Smith
3817;2024-07-27;Desarrollo Web;41;133.78;5484.98;Bank Transfer;Canada;Andrew Moore
5877;2024-08-19;Desarrollo Web;7;78.71;550.97;PayPal;UK;Erin Morrison
9831;2024-05-16;Consultoría en Diseño Web;49;43.82;2147.18;PayPal;Australia;Stephanie Gill MD
5026;2024-03-12;Diseño Gráfico y Branding;11;72.91;802.01;PayPal;UK;Anthony Sanchez
4980;2024-01-28;Diseño Gráfico y Branding;14;147.05;2058.7;Bank Transfer;UK;Michael White
2239;2024-08-03;Consultoría en Diseño Web;26;99.19;2578.94;Bank Transfer;Germany;Daniel Scott
8142;2024-07-31;Consultoría en Diseño Web;45;86.52;3893.4;Bank Transfer;USA;Brenda Johnson
8855;2024-10-02;Diseño Gráfico y Branding;35;41.21;1442.35;Credit Card;UK;Pamela Fuller
3942;2024-10-25;Consultoría en Diseño Web;16;131.89;2110.24;PayPal;Australia;Amanda Drake
9832;2024-08-08;Desarrollo Web;15;101.97;1529.55;PayPal;Canada;Daryl Schneider
2052;2024-08-17;Diseño Gráfico y Branding;38;83.96;3190.48;Credit Card;Germany;Stacey Barton
9944;2024-10-24;Desarrollo Web;16;115.83;1853.28;Credit Card;Germany;Jay Solis
7998;2024-01-12;Desarrollo Web;36;30.52;1098.72;Bank Transfer;Germany;Michael Miller
6695;2024-06-02;Mantenimiento Web;20;87.35;1747.0;Credit Card;Canada;Tiffany Byrd
7698;2024-01-01;Desarrollo Web;23;29.07;668.61;Bank Transfer;Canada;Jose Smith
8393;2024-07-11;Mantenimiento Web;26;47.98;1247.48;Credit Card;UK;Joe Joyce
5427;2024-07-03;Desarrollo Web;20;136.12;2722.4;Bank Transfer;Germany;Kimberly Lopez
5654;2024-01-23;Desarrollo Web;42;55.79;2343.18;Credit Card;Australia;Ashley Anderson
2641;2024-05-18;Mantenimiento Web;17;109.35;1858.95;Credit Card;UK;Shawn Hardin
3533;2024-10-01;Consultoría en Diseño Web;39;72.4;2823.6;Bank Transfer;Germany;Jennifer Robertson
2017;2024-05-04;Consultoría en Diseño Web;50;102.66;5133.0;Bank Transfer;Canada;Tony West
5691;2024-07-29;Consultoría en Diseño Web;48;106.99;5135.52;PayPal;Australia;Marcus Fisher II
2836;2024-08-08;Consultoría en Diseño Web;18;69.57;1252.26;Credit Card;Canada;John Olson
7856;2024-05-24;Consultoría en Diseño Web;6;71.5;429.0;Credit Card;UK;Danielle Young
7401;2024-05-24;Consultoría en Diseño Web;16;55.79;892.64;Bank Transfer;Australia;Richard Reed
1653;2024-01-10;Consultoría en Diseño Web;9;88.65;797.85;Credit Card;USA;Julie Mathis
9393;2024-03-14;Mantenimiento Web;32;32.16;1029.12;Credit Card;Australia;Ann Garrett
3970;2024-05-02;Consultoría en Diseño Web;24;107.99;2591.76;Credit Card;UK;Bradley Cruz
8994;2024-07-21;Consultoría en Diseño Web;22;83.21;1830.62;PayPal;UK;Sharon Rivera
6475;2024-08-06;Mantenimiento Web;30;64.92;1947.6;PayPal;UK;Stephanie Carter
8450;2024-03-18;Desarrollo Web;35;125.92;4407.2;PayPal;Australia;James Martinez
6428;2024-10-28;Desarrollo Web;16;96.61;1545.76;Bank Transfer;Canada;John Diaz
9064;2024-05-02;Mantenimiento Web;17;49.7;844.9;Credit Card;USA;Brian Lang
6161;2024-04-18;Diseño Gráfico y Branding;40;147.28;5891.2;Bank Transfer;USA;Donna Baldwin
7099;2024-02-25;Mantenimiento Web;20;28.53;570.6;PayPal;Australia;Aaron Roberts
7390;2024-05-25;Diseño Gráfico y Branding;47;70.85;3329.95;Credit Card;UK;Haley Cantu
3716;2024-08-04;Desarrollo Web;30;74.44;2233.2;Bank Transfer;Canada;David Chase
5071;2024-04-02;Mantenimiento Web;21;119.79;2515.59;Credit Card;USA;Sylvia Smith
7288;2024-06-01;Diseño Gráfico y Branding;13;59.52;773.76;PayPal;Australia;Larry Thomas
5304;2024-07-16;Mantenimiento Web;29;38.79;1124.91;Credit Card;USA;Laurie Mckinney
6015;2024-05-09;Desarrollo Web;38;103.49;3932.62;Bank Transfer;Australia;Michael Reynolds
7630;2024-03-14;Diseño Gráfico y Branding;32;34.84;1114.88;PayPal;UK;Emma Adkins
4942;2024-02-10;Consultoría en Diseño Web;5;137.14;685.7;Bank Transfer;Germany;Sarah Decker
7822;2024-09-18;Consultoría en Diseño Web;26;92.9;2415.4;Credit Card;Germany;William Oliver
2237;2024-10-09;Mantenimiento Web;27;59.17;1597.59;Credit Card;UK;Sherry Oneal
3969;2024-10-21;Diseño Gráfico y Branding;38;102.54;3896.52;Bank Transfer;Germany;Carla Allen
6609;2024-05-10;Consultoría en Diseño Web;12;139.74;1676.88;Credit Card;Australia;Diana Moore
8175;2024-01-11;Diseño Gráfico y Branding;20;136.76;2735.2;Credit Card;Australia;Stephen Sullivan
1350;2024-01-05;Diseño Gráfico y Branding;24;120.4;2889.6;Bank Transfer;Australia;Nicole Morrison
8456;2024-09-10;Mantenimiento Web;35;112.81;3948.35;Bank Transfer;UK;Lori Phillips
8952;2024-04-05;Mantenimiento Web;38;69.87;2655.06;PayPal;USA;Anthony Sanchez
4103;2024-05-06;Desarrollo Web;8;112.99;903.92;Bank Transfer;USA;Johnathan Harding
1463;2024-04-28;Mantenimiento Web;43;94.87;4079.41;PayPal;UK;Jennifer Houston
1067;2024-05-18;Mantenimiento Web;25;144.45;3611.25;PayPal;USA;Kelsey Vaughn
9772;2024-05-04;Diseño Gráfico y Branding;31;72.67;2252.77;Credit Card;USA;Debbie Roberts
1265;2024-04-30;Diseño Gráfico y Branding;43;145.89;6273.27;PayPal;USA;Bryce Jackson
2555;2024-04-23;Mantenimiento Web;35;81.09;2838.15;Credit Card;USA;Patricia Davenport
3974;2024-04-19;Desarrollo Web;15;118.11;1771.65;Bank Transfer;Canada;Patricia Smith
9493;2024-03-14;Desarrollo Web;35;42.55;1489.25;Bank Transfer;Australia;Roy Hernandez
6960;2024-07-05;Diseño Gráfico y Branding;48;128.74;6179.52;PayPal;USA;Oscar Green
3370;2024-10-02;Desarrollo Web;14;32.22;451.08;Credit Card;Australia;Aaron Shannon
2763;2024-04-13;Diseño Gráfico y Branding;47;51.55;2422.85;PayPal;USA;William Key
6925;2024-04-03;Mantenimiento Web;27;39.46;1065.42;Bank Transfer;Australia;Tiffany Solis
9642;2024-06-04;Consultoría en Diseño Web;29;145.24;4211.96;PayPal;Canada;Paul Koch
1887;2024-09-16;Mantenimiento Web;21;85.79;1801.59;Credit Card;Australia;Katelyn Johnson
6513;2024-01-13;Diseño Gráfico y Branding;27;129.61;3499.47;Credit Card;Australia;William Cook
9350;2024-07-27;Mantenimiento Web;10;54.2;542.0;Bank Transfer;USA;Michael Hayden
5946;2024-03-16;Desarrollo Web;7;51.99;363.93;PayPal;Germany;Mr. Ryan Horton MD
8467;2024-07-29;Consultoría en Diseño Web;31;52.16;1616.96;Credit Card;UK;Amber Parker
1002;2024-06-13;Consultoría en Diseño Web;27;28.7;774.9;Credit Card;Germany;Mr. Henry Pollard Jr.
1378;2024-08-10;Consultoría en Diseño Web;20;40.05;801.0;PayPal;Germany;Rebecca Baker
8844;2024-10-15;Mantenimiento Web;40;91.91;3676.4;PayPal;UK;Carol Moore
5420;2024-04-25;Consultoría en Diseño Web;9;143.27;1289.43;PayPal;USA;Michelle Mcfarland
8100;2024-10-21;Mantenimiento Web;39;102.35;3991.65;Credit Card;Germany;Jonathan Baker DDS
5042;2024-05-27;Mantenimiento Web;43;41.21;1772.03;Bank Transfer;USA;Meagan Mitchell
6435;2024-03-03;Desarrollo Web;16;76.1;1217.6;Credit Card;USA;Andrew Rodriguez
6908;2024-02-22;Consultoría en Diseño Web;7;84.09;588.63;Credit Card;UK;Robert Lee
3481;2024-02-20;Diseño Gráfico y Branding;12;56.43;677.16;Bank Transfer;Australia;Kyle Jones Jr.
7919;2024-08-26;Consultoría en Diseño Web;30;102.19;3065.7;PayPal;Australia;Nicholas Smith
6811;2024-03-19;Desarrollo Web;50;34.86;1743.0;PayPal;UK;Christian Porter
9214;2024-04-13;Mantenimiento Web;48;69.86;3353.28;PayPal;Australia;Jesse Vaughn
8818;2024-01-02;Mantenimiento Web;9;129.06;1161.54;Credit Card;UK;Christopher Thomas
9538;2024-06-21;Diseño Gráfico y Branding;36;41.02;1476.72;Bank Transfer;Canada;Cassie Garrison
4125;2024-01-10;Consultoría en Diseño Web;17;79.49;1351.33;Credit Card;Australia;James Jordan
4190;2024-03-17;Desarrollo Web;16;145.31;2324.96;PayPal;Germany;Vanessa Myers
2010;2024-08-29;Desarrollo Web;15;71.49;1072.35;Credit Card;UK;Katelyn Collins
8762;2024-10-27;Desarrollo Web;50;30.5;1525.0;Bank Transfer;UK;Brett Cross
2146;2024-09-16;Consultoría en Diseño Web;21;76.62;1609.02;PayPal;Canada;Nicholas Bender
8879;2024-10-14;Desarrollo Web;41;97.34;3990.94;Bank Transfer;Canada;James Thomas
5201;2024-03-09;Desarrollo Web;36;70.58;2540.88;PayPal;USA;Erika Davis
1743;2024-09-10;Diseño Gráfico y Branding;13;57.8;751.4;PayPal;Germany;Haley Richard
8101;2024-01-26;Mantenimiento Web;33;69.24;2284.92;Credit Card;USA;Steven Wilson
2606;2024-03-24;Consultoría en Diseño Web;29;81.95;2376.55;Credit Card;Canada;David Castro
8659;2024-05-13;Desarrollo Web;16;88.67;1418.72;Bank Transfer;Canada;Amanda Cardenas
1142;2024-07-22;Diseño Gráfico y Branding;44;28.51;1254.44;Bank Transfer;Canada;Betty Hammond
2655;2024-01-01;Mantenimiento Web;24;56.13;1347.12;PayPal;Canada;Jennifer Anderson
2361;2024-01-22;Desarrollo Web;50;72.33;3616.5;PayPal;Canada;John Padilla
9907;2024-10-18;Diseño Gráfico y Branding;30;130.7;3921.0;PayPal;Canada;Benjamin Rivers
7598;2024-07-09;Consultoría en Diseño Web;8;146.29;1170.32;Bank Transfer;USA;Kevin Robinson
1769;2024-01-02;Consultoría en Diseño Web;14;126.28;1767.92;Bank Transfer;Australia;Brian Thomas
6847;2024-05-31;Desarrollo Web;33;66.14;2182.62;Credit Card;UK;Dawn Bell
5609;2024-05-21;Diseño Gráfico y Branding;17;46.84;796.28;Bank Transfer;Germany;Juan White
2827;2024-08-27;Desarrollo Web;29;147.78;4285.62;Credit Card;Germany;Bryan Gonzales MD
6838;2024-01-13;Desarrollo Web;39;55.66;2170.74;PayPal;Australia;Javier Schneider
6037;2024-10-10;Diseño Gráfico y Branding;42;88.43;3714.06;Credit Card;UK;Clarence Hudson
4401;2024-09-19;Consultoría en Diseño Web;16;75.12;1201.92;Credit Card;Germany;Miss Amy Dean
4707;2024-01-08;Diseño Gráfico y Branding;20;58.05;1161.0;PayPal;Australia;Debra Wright
2493;2024-04-15;Mantenimiento Web;21;40.77;856.17;Credit Card;Germany;Maria Hill
9742;2024-06-26;Consultoría en Diseño Web;17;88.6;1506.2;PayPal;Australia;Ricardo Willis
8751;2024-09-17;Diseño Gráfico y Branding;13;101.12;1314.56;PayPal;USA;Patrick Watkins
8883;2024-08-21;Diseño Gráfico y Branding;46;148.29;6821.34;Credit Card;Canada;Michelle Davis
3752;2024-01-28;Mantenimiento Web;41;41.05;1683.05;PayPal;Germany;Thomas Evans
6884;2024-04-29;Desarrollo Web;43;47.88;2058.84;Bank Transfer;Canada;Kelly Burton
6991;2024-05-06;Consultoría en Diseño Web;38;49.37;1876.06;PayPal;UK;Jamie Manning
7291;2024-10-03;Consultoría en Diseño Web;16;149.86;2397.76;Credit Card;Canada;Jason Brown
1440;2024-09-22;Mantenimiento Web;46;97.14;4468.44;Credit Card;UK;Sean Young
3000;2024-01-21;Diseño Gráfico y Branding;36;81.49;2933.64;Credit Card;Canada;Jade Torres
3195;2024-05-28;Desarrollo Web;28;128.08;3586.24;Bank Transfer;UK;Douglas Russell
8810;2024-06-18;Diseño Gráfico y Branding;9;60.06;540.54;Bank Transfer;Germany;Bryan Jackson
9357;2024-04-20;Consultoría en Diseño Web;14;84.04;1176.56;Bank Transfer;USA;Johnny Price
8398;2024-01-05;Mantenimiento Web;13;80.96;1052.48;Credit Card;Australia;Tiffany Marquez
9283;2024-08-19;Diseño Gráfico y Branding;16;134.48;2151.68;Bank Transfer;Canada;Michael Howard
7011;2024-05-06;Mantenimiento Web;37;129.38;4787.06;PayPal;Canada;Kevin Diaz
7934;2024-02-23;Mantenimiento Web;25;125.99;3149.75;PayPal;Australia;Joshua Howard
9525;2024-05-24;Diseño Gráfico y Branding;7;86.34;604.38;PayPal;USA;Brian Smith
2953;2024-09-20;Diseño Gráfico y Branding;8;84.86;678.88;PayPal;Germany;Dawn Thompson
8912;2024-01-16;Mantenimiento Web;22;45.96;1011.12;PayPal;USA;Danielle Davila
2689;2024-10-04;Desarrollo Web;23;86.59;1991.57;Credit Card;Australia;Jackie Fisher
8647;2024-08-11;Consultoría en Diseño Web;40;51.05;2042.0;Credit Card;UK;Carly Kaufman MD
6215;2024-08-10;Diseño Gráfico y Branding;33;78.81;2600.73;Credit Card;Canada;Todd Blake
6673;2024-03-04;Diseño Gráfico y Branding;28;82.17;2300.76;Credit Card;Australia;Charles Foster
6657;2024-08-12;Diseño Gráfico y Branding;7;113.28;792.96;PayPal;Australia;Jean Jenkins
8303;2024-05-26;Mantenimiento Web;33;50.41;1663.53;PayPal;Germany;Jennifer Meyer
1246;2024-02-01;Diseño Gráfico y Branding;25;90.97;2274.25;Bank Transfer;Canada;David Smith
5203;2024-09-30;Mantenimiento Web;30;42.13;1263.9;PayPal;Australia;Cynthia Watts
9813;2024-09-01;Diseño Gráfico y Branding;14;32.93;461.02;PayPal;Australia;Matthew Smith
7506;2024-01-02;Desarrollo Web;23;53.72;1235.56;Credit Card;Germany;Kevin Lindsey
4280;2024-06-18;Consultoría en Diseño Web;42;87.27;3665.34;Bank Transfer;Australia;Janice York
1244;2024-02-19;Desarrollo Web;43;91.75;3945.25;Credit Card;Germany;Nicole Reed
2570;2024-01-20;Desarrollo Web;44;50.44;2219.36;Bank Transfer;UK;Jeffery Edwards
2395;2024-06-11;Desarrollo Web;20;82.88;1657.6;Credit Card;UK;Nicole Nelson
9067;2024-05-01;Mantenimiento Web;13;61.35;797.55;Bank Transfer;UK;Ryan Gonzalez
1110;2024-08-13;Mantenimiento Web;8;105.08;840.64;Bank Transfer;Germany;John Lewis
3479;2024-08-02;Desarrollo Web;42;132.93;5583.06;Credit Card;Australia;Kimberly Miller
1425;2024-07-21;Mantenimiento Web;34;69.22;2353.48;Credit Card;Germany;Chase Lee
9183;2024-05-23;Mantenimiento Web;28;95.93;2686.04;PayPal;UK;Anthony Alvarado DVM
6503;2024-10-11;Desarrollo Web;45;48.55;2184.75;Credit Card;Canada;Nathan Cunningham
8557;2024-02-19;Diseño Gráfico y Branding;42;61.3;2574.6;PayPal;Germany;Pamela Snyder
5668;2024-04-18;Desarrollo Web;49;112.64;5519.36;Bank Transfer;Germany;Matthew Bass
3002;2024-05-02;Mantenimiento Web;18;26.48;476.64;PayPal;Australia;Jose Cantu
4474;2024-03-08;Consultoría en Diseño Web;34;139.1;4729.4;PayPal;Canada;Allison Nguyen
7519;2024-09-19;Mantenimiento Web;49;49.68;2434.32;Bank Transfer;USA;Todd Hardin
8219;2024-01-08;Diseño Gráfico y Branding;20;124.35;2487.0;Credit Card;Australia;Robert Miller
6543;2024-06-14;Desarrollo Web;18;96.2;1731.6;Bank Transfer;Canada;Lawrence Christian
5267;2024-04-20;Desarrollo Web;50;74.11;3705.5;Credit Card;Australia;Andrew Henderson
5199;2024-10-28;Mantenimiento Web;28;29.07;813.96;Bank Transfer;USA;Crystal Perez
6775;2024-05-21;Desarrollo Web;39;145.55;5676.45;PayPal;USA;Randall Gallagher
5237;2024-05-19;Desarrollo Web;9;34.79;313.11;Credit Card;Australia;Sherri Cunningham
7438;2024-09-19;Consultoría en Diseño Web;34;106.2;3610.8;Bank Transfer;Australia;Lori Phillips
9441;2024-01-25;Mantenimiento Web;27;110.05;2971.35;Bank Transfer;USA;Sheila Kemp
4267;2024-05-31;Diseño Gráfico y Branding;46;125.7;5782.2;Credit Card;Australia;Sharon Summers
8497;2024-01-22;Mantenimiento Web;44;104.73;4608.12;PayPal;UK;Michael Hernandez
9962;2024-05-12;Desarrollo Web;9;29.08;261.72;Credit Card;Germany;Roy Green
9051;2024-05-06;Consultoría en Diseño Web;10;33.74;337.4;Bank Transfer;USA;Carrie Wallace
3527;2024-03-28;Mantenimiento Web;22;50.42;1109.24;Credit Card;USA;Lauren Bender
1326;2024-04-01;Desarrollo Web;45;68.38;3077.1;PayPal;USA;Kelly Decker
8851;2024-09-08;Mantenimiento Web;7;100.02;700.14;Credit Card;USA;Sarah Davis
4200;2024-01-12;Diseño Gráfico y Branding;29;125.47;3638.63;Bank Transfer;USA;Michael Avila
2517;2024-01-26;Desarrollo Web;40;107.4;4296.0;Bank Transfer;USA;Daniel Hart
6279;2024-05-23;Desarrollo Web;20;112.56;2251.2;Credit Card;Germany;Thomas Richardson
2053;2024-05-18;Diseño Gráfico y Branding;15;103.26;1548.9;PayPal;Germany;John Morrison
9808;2024-10-17;Desarrollo Web;48;112.0;5376.0;Credit Card;Germany;Thomas Mcgee
7226;2024-08-05;Diseño Gráfico y Branding;19;51.04;969.76;Bank Transfer;USA;Mitchell Harris
9948;2024-07-06;Desarrollo Web;41;65.08;2668.28;Bank Transfer;Australia;Kelly Adams
6992;2024-10-13;Desarrollo Web;32;86.67;2773.44;Bank Transfer;USA;James Walker
7341;2024-01-22;Diseño Gráfico y Branding;5;93.66;468.3;Credit Card;Canada;James Cantu
5903;2024-06-04;Diseño Gráfico y Branding;41;40.85;1674.85;PayPal;Germany;William Mcdowell
9845;2024-08-22;Consultoría en Diseño Web;37;149.51;5531.87;Credit Card;USA;Veronica Jensen
5683;2024-03-26;Diseño Gráfico y Branding;28;131.66;3686.48;Credit Card;Canada;Fred Mendez
7879;2024-07-30;Mantenimiento Web;22;26.62;585.64;Credit Card;USA;Heidi Thomas
8584;2024-04-25;Mantenimiento Web;27;38.73;1045.71;PayPal;USA;Kimberly Garrett
5516;2024-03-10;Diseño Gráfico y Branding;31;135.08;4187.48;Credit Card;Germany;Matthew Nelson
5139;2024-04-06;Desarrollo Web;6;144.16;864.96;PayPal;Australia;Belinda Brooks
6350;2024-02-17;Consultoría en Diseño Web;22;29.06;639.32;Bank Transfer;Australia;Roy Palmer
7201;2024-05-29;Consultoría en Diseño Web;47;106.65;5012.55;PayPal;Canada;Jeffrey Sherman
5397;2024-01-19;Desarrollo Web;21;62.14;1304.94;Bank Transfer;USA;Deborah Fisher
1954;2024-01-02;Desarrollo Web;34;111.71;3798.14;PayPal;Canada;Christopher Johnson
8216;2024-03-09;Mantenimiento Web;25;48.08;1202.0;PayPal;Germany;Karen Stanton
3895;2024-03-16;Diseño Gráfico y Branding;35;73.95;2588.25;PayPal;USA;Anthony Gonzalez
2421;2024-03-11;Mantenimiento Web;40;39.66;1586.4;Credit Card;Australia;Kevin Cline
6471;2024-09-09;Desarrollo Web;39;54.17;2112.63;PayPal;Germany;Blake Harris
5908;2024-08-23;Diseño Gráfico y Branding;39;38.34;1495.26;PayPal;UK;Gina Wheeler
1441;2024-07-07;Desarrollo Web;26;114.06;2965.56;Bank Transfer;Australia;Mark Patterson
4770;2024-01-18;Diseño Gráfico y Branding;10;143.16;1431.6;Bank Transfer;UK;Christopher Richardson DVM
1890;2024-10-01;Mantenimiento Web;24;46.6;1118.4;Bank Transfer;Germany;Mr. Colin Davis
3096;2024-10-21;Mantenimiento Web;11;130.12;1431.32;PayPal;Germany;James Tate
9655;2024-05-19;Desarrollo Web;25;52.89;1322.25;PayPal;Canada;Keith Daniel
7005;2024-03-10;Mantenimiento Web;49;136.63;6694.87;Bank Transfer;UK;Justin Schwartz
8459;2024-09-14;Mantenimiento Web;21;37.0;777.0;Bank Transfer;Germany;Brian Mathis
9572;2024-08-12;Desarrollo Web;27;89.23;2409.21;Credit Card;Germany;Ernest Shah
8359;2024-05-17;Diseño Gráfico y Branding;38;42.64;1620.32;PayPal;UK;Ronald Sanders
5104;2024-04-07;Mantenimiento Web;22;120.88;2659.36;PayPal;Germany;Anita Bowers
7364;2024-03-09;Desarrollo Web;8;81.97;655.76;Bank Transfer;Australia;Roberta Christensen
8125;2024-02-13;Desarrollo Web;12;94.29;1131.48;Bank Transfer;Germany;Sarah Cummings
5623;2024-04-02;Mantenimiento Web;5;98.54;492.7;Credit Card;Canada;Tiffany Anderson
8084;2024-06-28;Consultoría en Diseño Web;10;27.75;277.5;PayPal;Germany;Joseph Rios
3711;2024-09-24;Diseño Gráfico y Branding;5;129.29;646.45;PayPal;UK;Amber Warren
8385;2024-02-11;Desarrollo Web;17;95.68;1626.56;Bank Transfer;Australia;Nicole Leblanc
7359;2024-04-30;Diseño Gráfico y Branding;43;106.55;4581.65;Credit Card;Australia;Theresa Ross
4420;2024-10-01;Consultoría en Diseño Web;34;85.0;2890.0;PayPal;USA;Travis Weaver
4710;2024-09-20;Desarrollo Web;9;66.72;600.48;Credit Card;UK;Joshua Grimes
8374;2024-08-21;Consultoría en Diseño Web;7;37.49;262.43;PayPal;USA;Rachel Clark
4915;2024-05-04;Consultoría en Diseño Web;14;99.27;1389.78;Bank Transfer;USA;Adrian Frey DVM
7516;2024-02-06;Diseño Gráfico y Branding;25;76.93;1923.25;PayPal;Canada;Richard Murphy
3860;2024-08-31;Diseño Gráfico y Branding;48;111.7;5361.6;PayPal;Germany;Tracy Hart
6611;2024-08-30;Diseño Gráfico y Branding;38;100.41;3815.58;Bank Transfer;Australia;Christine Adams
9698;2024-03-24;Mantenimiento Web;48;35.54;1705.92;Bank Transfer;Australia;Garrett Hopkins
4883;2024-01-09;Diseño Gráfico y Branding;22;118.09;2597.98;Credit Card;Canada;Natalie James
3450;2024-05-16;Diseño Gráfico y Branding;41;44.27;1815.07;Credit Card;UK;Nathan Keller
9696;2024-06-02;Mantenimiento Web;11;85.3;938.3;PayPal;Germany;Deborah Johnston
9492;2024-08-07;Mantenimiento Web;15;43.14;647.1;Credit Card;UK;Briana Crawford
6109;2024-05-10;Mantenimiento Web;11;140.63;1546.93;Bank Transfer;USA;Karen Moore
8097;2024-02-01;Diseño Gráfico y Branding;14;102.05;1428.7;Credit Card;Australia;Madison Adams
9271;2024-10-18;Desarrollo Web;47;77.48;3641.56;Credit Card;Germany;John Ayala
1366;2024-06-15;Desarrollo Web;29;139.1;4033.9;PayPal;Germany;Michael Compton
2236;2024-03-11;Mantenimiento Web;22;75.46;1660.12;PayPal;Canada;Barbara Mitchell MD
9221;2024-05-16;Mantenimiento Web;23;124.74;2869.02;PayPal;Australia;Brenda King
2688;2024-08-11;Mantenimiento Web;12;137.42;1649.04;PayPal;USA;David Reynolds
1930;2024-07-09;Diseño Gráfico y Branding;36;127.37;4585.32;PayPal;UK;Laura Kramer
7535;2024-08-04;Mantenimiento Web;31;79.63;2468.53;Bank Transfer;Germany;Trevor Gomez DDS
6164;2024-05-15;Mantenimiento Web;19;61.05;1159.95;Bank Transfer;UK;Katherine Wells
1945;2024-09-07;Mantenimiento Web;24;37.83;907.92;Bank Transfer;Germany;Karen Jones
4451;2024-05-08;Consultoría en Diseño Web;20;81.57;1631.4;PayPal;Germany;William Simmons
1623;2024-05-05;Consultoría en Diseño Web;43;135.66;5833.38;Bank Transfer;Australia;Kendra Glass
7365;2024-01-29;Diseño Gráfico y Branding;32;100.24;3207.68;Bank Transfer;USA;Breanna Morrison
3183;2024-02-18;Diseño Gráfico y Branding;38;136.31;5179.78;Credit Card;USA;Henry Rogers DVM
4334;2024-06-23;Mantenimiento Web;37;106.81;3951.97;Bank Transfer;USA;Diana Castro
8087;2024-03-16;Diseño Gráfico y Branding;10;53.32;533.2;Credit Card;Germany;Jackson Hubbard
5375;2024-07-11;Diseño Gráfico y Branding;44;146.88;6462.72;Bank Transfer;Germany;Allison Trevino
9798;2024-05-08;Mantenimiento Web;34;129.18;4392.12;Bank Transfer;Canada;Jamie Patterson
3124;2024-06-29;Consultoría en Diseño Web;10;29.27;292.7;PayPal;Australia;Jason Perry
7464;2024-03-11;Diseño Gráfico y Branding;46;110.54;5084.84;Bank Transfer;Australia;Randy Haynes
9024;2024-01-10;Consultoría en Diseño Web;46;99.42;4573.32;PayPal;USA;Mary Shah
2262;2024-01-07;Diseño Gráfico y Branding;7;133.46;934.22;Credit Card;Canada;Ashley Smith
6028;2024-10-26;Desarrollo Web;16;148.73;2379.68;Bank Transfer;Germany;Peter Hicks
4610;2024-05-23;Desarrollo Web;22;102.61;2257.42;PayPal;Germany;Rachel Johnson
9666;2024-09-12;Desarrollo Web;26;84.15;2187.9;PayPal;Australia;Jonathan Wong
9079;2024-01-23;Consultoría en Diseño Web;16;73.74;1179.84;Credit Card;Germany;Edward Solis
4206;2024-05-05;Mantenimiento Web;30;134.73;4041.9;Bank Transfer;Canada;Isabel Ward
1093;2024-05-26;Diseño Gráfico y Branding;9;31.12;280.08;Bank Transfer;UK;Mrs. Andrea Ramos DDS
8652;2024-01-05;Consultoría en Diseño Web;43;92.11;3960.73;Credit Card;USA;Stephen Thomas
2226;2024-09-09;Mantenimiento Web;5;52.14;260.7;Credit Card;Canada;Christina Bennett
4230;2024-04-19;Desarrollo Web;20;115.26;2305.2;PayPal;UK;Timothy Lee
7745;2024-03-07;Diseño Gráfico y Branding;19;74.39;1413.41;Credit Card;USA;William Jones
8737;2024-03-13;Mantenimiento Web;25;117.12;2928.0;Bank Transfer;UK;Rebecca Campos
7473;2024-01-30;Desarrollo Web;48;51.0;2448.0;PayPal;USA;Patricia Mcdonald
1560;2024-09-11;Consultoría en Diseño Web;44;61.96;2726.24;PayPal;UK;Mr. Christopher Lang Jr.
8185;2024-08-27;Consultoría en Diseño Web;30;39.07;1172.1;Credit Card;Australia;Tyler Bowman
9787;2024-02-27;Mantenimiento Web;48;60.42;2900.16;Bank Transfer;Germany;Lindsey Harris
9449;2024-04-25;Consultoría en Diseño Web;42;105.38;4425.96;PayPal;UK;Kaitlin Thompson
6490;2024-07-16;Desarrollo Web;33;36.71;1211.43;Bank Transfer;Germany;Trevor Warner
3633;2024-03-26;Diseño Gráfico y Branding;41;126.71;5195.11;Credit Card;Canada;Mrs. Wendy Clayton
8489;2024-10-14;Desarrollo Web;30;68.72;2061.6;PayPal;UK;Monique Hunter
1870;2024-10-19;Mantenimiento Web;5;60.49;302.45;PayPal;Canada;Joe Conley
9745;2024-07-13;Desarrollo Web;48;30.59;1468.32;Credit Card;Australia;Randall Petersen
3737;2024-05-21;Mantenimiento Web;37;58.63;2169.31;PayPal;UK;Christian Case
4236;2024-09-17;Diseño Gráfico y Branding;29;148.63;4310.27;Credit Card;UK;Joshua Rodriguez
9625;2024-07-02;Consultoría en Diseño Web;12;33.24;398.88;Credit Card;UK;Sabrina Davis
5449;2024-07-23;Consultoría en Diseño Web;21;43.81;920.01;PayPal;Canada;Barbara Humphrey
3089;2024-04-22;Diseño Gráfico y Branding;29;127.6;3700.4;PayPal;USA;Patricia Walton
7213;2024-05-12;Diseño Gráfico y Branding;28;94.76;2653.28;Bank Transfer;UK;Ronnie Griffin
2812;2024-02-20;Desarrollo Web;43;29.62;1273.66;Credit Card;Canada;Justin Malone
2374;2024-03-09;Diseño Gráfico y Branding;19;31.95;607.05;Bank Transfer;USA;Adam Stewart
9346;2024-09-24;Diseño Gráfico y Branding;8;29.96;239.68;Bank Transfer;Germany;David Lee
5661;2024-05-30;Desarrollo Web;28;100.52;2814.56;Credit Card;Canada;Misty Williams
6021;2024-04-22;Diseño Gráfico y Branding;8;137.25;1098.0;Bank Transfer;UK;Robert Terry
2296;2024-03-06;Desarrollo Web;41;47.04;1928.64;Credit Card;Australia;Connie Phillips
8886;2024-04-01;Mantenimiento Web;17;144.12;2450.04;Bank Transfer;Australia;Aaron Larsen
3135;2024-08-26;Diseño Gráfico y Branding;30;124.0;3720.0;PayPal;UK;Meagan Griffin DDS
9963;2024-08-19;Desarrollo Web;17;68.39;1162.63;Credit Card;UK;Melinda Torres
8260;2024-02-25;Desarrollo Web;21;84.54;1775.34;Credit Card;Germany;Cory Mclean
8096;2024-10-15;Diseño Gráfico y Branding;47;55.44;2605.68;Bank Transfer;Germany;Alicia Fowler
9721;2024-10-18;Diseño Gráfico y Branding;16;69.64;1114.24;Bank Transfer;USA;Edward Castro
7428;2024-08-04;Diseño Gráfico y Branding;45;49.95;2247.75;Credit Card;UK;Terry Anderson
1451;2024-07-25;Diseño Gráfico y Branding;25;89.51;2237.75;Bank Transfer;Germany;Mrs. Erin Evans DDS
4475;2024-01-14;Consultoría en Diseño Web;16;132.85;2125.6;Bank Transfer;Germany;Michael Simpson
4286;2024-02-03;Consultoría en Diseño Web;45;51.65;2324.25;PayPal;Germany;Tony Smith
9560;2024-09-10;Mantenimiento Web;7;60.08;420.56;PayPal;Australia;Terry Carlson
2806;2024-07-17;Consultoría en Diseño Web;44;45.97;2022.68;Bank Transfer;UK;Jared Richardson
6817;2024-05-09;Diseño Gráfico y Branding;31;132.37;4103.47;Bank Transfer;Canada;Jessica Petty
3117;2024-02-18;Diseño Gráfico y Branding;42;54.62;2294.04;Bank Transfer;Germany;Michael Hill
8177;2024-07-14;Desarrollo Web;16;38.98;623.68;Bank Transfer;UK;Kimberly Lewis
8656;2024-03-26;Consultoría en Diseño Web;6;39.57;237.42;PayPal;USA;Judith Braun
6200;2024-06-28;Desarrollo Web;18;35.02;630.36;Credit Card;USA;Darlene Butler
9562;2024-01-26;Consultoría en Diseño Web;29;53.04;1538.16;Credit Card;USA;George Curry
3161;2024-10-18;Consultoría en Diseño Web;29;34.44;998.76;Bank Transfer;USA;Jesse Rogers
6506;2024-07-15;Diseño Gráfico y Branding;49;91.87;4501.63;PayPal;UK;Kari Hartman
3938;2024-07-24;Desarrollo Web;6;117.81;706.86;PayPal;USA;Scott Weiss
2563;2024-07-01;Consultoría en Diseño Web;42;106.55;4475.1;PayPal;Germany;Steven Ellison
2954;2024-04-01;Diseño Gráfico y Branding;7;36.5;255.5;Credit Card;Canada;Adam Garcia
8477;2024-07-12;Desarrollo Web;21;112.23;2356.83;Credit Card;USA;Ronald Miller
2549;2024-06-20;Mantenimiento Web;41;60.3;2472.3;Credit Card;Germany;Michael Young
2974;2024-02-24;Desarrollo Web;37;131.65;4871.05;Bank Transfer;Canada;Mitchell Nielsen
1195;2024-10-16;Diseño Gráfico y Branding;12;105.22;1262.64;Bank Transfer;UK;Andrea Mcguire
3514;2024-05-23;Desarrollo Web;47;109.28;5136.16;Credit Card;UK;Crystal Jones
7829;2024-01-04;Consultoría en Diseño Web;44;148.23;6522.12;PayPal;Germany;Jesse Hood
9180;2024-05-09;Mantenimiento Web;17;137.64;2339.88;PayPal;Germany;Lindsay Adams
1328;2024-10-26;Diseño Gráfico y Branding;47;43.07;2024.29;Credit Card;UK;Aaron Pena
5625;2024-01-03;Diseño Gráfico y Branding;35;86.36;3022.6;Credit Card;Australia;Dr. Yvonne Davis
8504;2024-07-07;Consultoría en Diseño Web;35;103.62;3626.7;Bank Transfer;USA;Miranda Cox
6524;2024-08-26;Desarrollo Web;45;81.38;3662.1;PayPal;Australia;Andrew Paul
1865;2024-01-27;Diseño Gráfico y Branding;11;141.85;1560.35;PayPal;UK;Rhonda Herrera
6264;2024-07-09;Consultoría en Diseño Web;18;86.59;1558.62;PayPal;UK;Megan Paul
5641;2024-06-02;Diseño Gráfico y Branding;31;78.06;2419.86;PayPal;Australia;Anna Mcdaniel
2223;2024-10-24;Consultoría en Diseño Web;34;57.99;1971.66;Credit Card;Germany;Matthew Hamilton
7450;2024-09-10;Consultoría en Diseño Web;27;36.07;973.89;Credit Card;UK;Matthew Navarro
2313;2024-06-03;Mantenimiento Web;40;108.25;4330.0;Credit Card;Australia;Robert Wood
3495;2024-01-01;Desarrollo Web;5;76.74;383.7;Credit Card;Canada;Aaron Buck
2918;2024-04-12;Consultoría en Diseño Web;18;59.22;1065.96;Credit Card;Germany;John Rodriguez
4360;2024-03-12;Consultoría en Diseño Web;45;99.66;4484.7;Bank Transfer;Australia;Denise Johns
7880;2024-09-17;Consultoría en Diseño Web;43;91.68;3942.24;Credit Card;USA;Tamara Nixon
5440;2024-04-18;Mantenimiento Web;34;133.34;4533.56;Bank Transfer;Canada;Trevor Blanchard
8421;2024-09-22;Desarrollo Web;47;137.32;6454.04;PayPal;Canada;Gwendolyn Navarro
2591;2024-07-27;Desarrollo Web;24;141.93;3406.32;PayPal;Canada;Benjamin Cooper
3706;2024-06-19;Diseño Gráfico y Branding;27;105.13;2838.51;PayPal;Australia;Miranda Schultz
3257;2024-01-20;Diseño Gráfico y Branding;15;123.43;1851.45;Bank Transfer;Germany;Curtis Moreno
1651;2024-07-05;Diseño Gráfico y Branding;36;28.01;1008.36;PayPal;USA;Gregory Strong
9888;2024-09-30;Diseño Gráfico y Branding;19;56.68;1076.92;Bank Transfer;Canada;Theresa Hurst
4870;2024-07-21;Diseño Gráfico y Branding;47;64.11;3013.17;Bank Transfer;Australia;Cindy Mason
2713;2024-04-20;Desarrollo Web;20;133.03;2660.6;Bank Transfer;UK;Andrew Pratt
1305;2024-06-18;Diseño Gráfico y Branding;11;100.76;1108.36;Credit Card;USA;Cynthia Benson
2234;2024-04-06;Diseño Gráfico y Branding;23;133.08;3060.84;Credit Card;USA;Kim Espinoza
7043;2024-08-09;Consultoría en Diseño Web;35;119.03;4166.05;PayPal;Germany;Travis Wang
6850;2024-10-19;Consultoría en Diseño Web;35;102.91;3601.85;Bank Transfer;Germany;Peter Bailey
5313;2024-09-08;Diseño Gráfico y Branding;37;148.81;5505.97;Credit Card;Germany;Tina Bishop
9171;2024-01-03;Diseño Gráfico y Branding;34;147.98;5031.32;Credit Card;Canada;Joseph Stephens
6196;2024-04-06;Diseño Gráfico y Branding;14;78.94;1105.16;PayPal;UK;Stacey Benson
6678;2024-10-15;Consultoría en Diseño Web;16;69.52;1112.32;Bank Transfer;Australia;Kyle Williams
3788;2024-01-21;Desarrollo Web;6;69.06;414.36;PayPal;USA;Charles Campbell
5688;2024-07-07;Consultoría en Diseño Web;13;146.91;1909.83;Credit Card;UK;Crystal Schaefer
3913;2024-05-28;Diseño Gráfico y Branding;48;83.85;4024.8;Credit Card;Australia;Stacy Williams
4496;2024-10-16;Consultoría en Diseño Web;9;139.24;1253.16;Bank Transfer;UK;Mr. Brandon Brown
4094;2024-02-04;Diseño Gráfico y Branding;32;78.12;2499.84;Credit Card;USA;Kimberly White
4704;2024-08-11;Consultoría en Diseño Web;21;118.53;2489.13;Bank Transfer;Germany;Jeffrey Weaver
1539;2024-07-30;Consultoría en Diseño Web;40;103.76;4150.4;PayPal;USA;Sarah Rowe
7059;2024-04-29;Desarrollo Web;11;123.48;1358.28;PayPal;USA;Kelly Medina
8455;2024-02-09;Diseño Gráfico y Branding;40;137.78;5511.2;Bank Transfer;UK;Cheryl Decker
2847;2024-07-10;Desarrollo Web;39;31.36;1223.04;Bank Transfer;USA;James Stevens
1198;2024-08-10;Diseño Gráfico y Branding;48;41.22;1978.56;PayPal;UK;Richard Smith
8713;2024-08-31;Diseño Gráfico y Branding;39;49.69;1937.91;Credit Card;USA;Kathryn Anthony
3178;2024-05-23;Diseño Gráfico y Branding;19;81.87;1555.53;Bank Transfer;Canada;Heather Everett
1905;2024-05-17;Mantenimiento Web;11;90.97;1000.67;Credit Card;UK;Christopher Poole
3538;2024-09-12;Desarrollo Web;34;95.31;3240.54;PayPal;Canada;Sandra Johnson
9225;2024-04-13;Diseño Gráfico y Branding;35;115.58;4045.3;Credit Card;Australia;Marcus Irwin
1771;2024-08-09;Diseño Gráfico y Branding;39;107.04;4174.56;Credit Card;Germany;Diana Hill
3637;2024-02-15;Desarrollo Web;24;139.91;3357.84;PayPal;Australia;Jocelyn Gonzalez
3382;2024-03-16;Consultoría en Diseño Web;25;87.84;2196.0;PayPal;Germany;David Williams
9848;2024-03-12;Consultoría en Diseño Web;21;128.87;2706.27;Credit Card;USA;Terri Taylor
1508;2024-01-09;Consultoría en Diseño Web;30;100.35;3010.5;PayPal;Germany;Randall Juarez
3143;2024-04-15;Mantenimiento Web;34;104.75;3561.5;PayPal;Australia;Derrick Ayers
1895;2024-04-23;Mantenimiento Web;17;96.81;1645.77;Credit Card;Australia;Linda Brown MD
5858;2024-01-18;Diseño Gráfico y Branding;49;31.85;1560.65;Credit Card;USA;Bobby Castaneda
3597;2024-02-28;Desarrollo Web;42;81.53;3424.26;Bank Transfer;USA;Tabitha Flores
4295;2024-04-24;Diseño Gráfico y Branding;41;28.97;1187.77;Credit Card;Germany;Nicole Johnson
5415;2024-06-13;Mantenimiento Web;45;32.53;1463.85;Bank Transfer;Canada;Lauren Diaz
9243;2024-10-02;Diseño Gráfico y Branding;43;55.8;2399.4;Credit Card;Australia;Angela Le
1968;2024-01-21;Diseño Gráfico y Branding;23;107.82;2479.86;Credit Card;USA;Sherry Baker
3524;2024-06-12;Consultoría en Diseño Web;15;50.42;756.3;PayPal;UK;Anne Chase
6005;2024-04-17;Diseño Gráfico y Branding;16;122.95;1967.2;PayPal;Australia;Crystal Olson
2188;2024-04-13;Consultoría en Diseño Web;34;60.3;2050.2;Credit Card;Australia;Michael Berry
5696;2024-05-07;Diseño Gráfico y Branding;30;81.18;2435.4;Bank Transfer;Australia;Janet Johnson
1499;2024-09-08;Mantenimiento Web;34;62.71;2132.14;Credit Card;Germany;Teresa Stevenson
8650;2024-04-16;Desarrollo Web;5;107.41;537.05;Bank Transfer;Australia;Peter Richmond
8286;2024-07-24;Mantenimiento Web;23;106.96;2460.08;PayPal;Germany;Jeffery Ray
5974;2024-08-09;Consultoría en Diseño Web;37;87.86;3250.82;Credit Card;USA;Stephanie Gilbert
4884;2024-03-18;Diseño Gráfico y Branding;49;82.6;4047.4;PayPal;USA;Donna Lamb
4768;2024-09-10;Consultoría en Diseño Web;24;25.35;608.4;PayPal;Australia;Ashley Shelton
6044;2024-09-12;Mantenimiento Web;19;51.17;972.23;PayPal;Germany;Kimberly Brown
7831;2024-03-13;Diseño Gráfico y Branding;27;87.23;2355.21;Credit Card;Germany;John Myers
6612;2024-02-22;Diseño Gráfico y Branding;25;99.89;2497.25;PayPal;USA;Sean Warner
9749;2024-04-28;Consultoría en Diseño Web;38;127.02;4826.76;Credit Card;UK;Robert Sanford
7956;2024-05-03;Consultoría en Diseño Web;49;96.01;4704.49;Bank Transfer;UK;Patricia Adams
6824;2024-03-26;Mantenimiento Web;28;139.63;3909.64;Credit Card;UK;Beth Rojas
5124;2024-03-10;Desarrollo Web;24;113.91;2733.84;PayPal;Germany;Lori Taylor
5721;2024-07-28;Mantenimiento Web;5;31.89;159.45;Credit Card;Germany;Alicia Garcia
7044;2024-07-15;Consultoría en Diseño Web;8;96.83;774.64;Bank Transfer;USA;Renee Davis
2200;2024-07-08;Desarrollo Web;28;59.94;1678.32;Credit Card;USA;Michael George
7571;2024-09-08;Diseño Gráfico y Branding;38;101.67;3863.46;Credit Card;Australia;Brandon Gray
4651;2024-02-19;Desarrollo Web;30;66.39;1991.7;Bank Transfer;Australia;Michael Howell
7207;2024-04-14;Desarrollo Web;30;139.66;4189.8;PayPal;Australia;Mrs. Brenda Dixon
1474;2024-04-19;Mantenimiento Web;36;70.6;2541.6;Credit Card;Germany;Jeremy Murphy
5475;2024-05-18;Desarrollo Web;13;34.84;452.92;Credit Card;UK;Caitlin Stokes
5539;2024-03-13;Mantenimiento Web;44;74.04;3257.76;PayPal;Australia;Dana York
5945;2024-05-25;Desarrollo Web;19;60.65;1152.35;PayPal;Canada;Julie Black
6786;2024-04-19;Mantenimiento Web;33;113.48;3744.84;PayPal;UK;Cody Gordon
8537;2024-10-05;Consultoría en Diseño Web;47;98.12;4611.64;PayPal;Australia;Ryan Schmidt
5998;2024-08-02;Diseño Gráfico y Branding;30;50.94;1528.2;Credit Card;UK;Russell Prince
8846;2024-10-07;Mantenimiento Web;39;124.85;4869.15;Credit Card;UK;Scott Freeman
8105;2024-07-22;Mantenimiento Web;49;60.92;2985.08;Credit Card;Canada;Mark Dickerson
4526;2024-10-15;Desarrollo Web;45;74.9;3370.5;Bank Transfer;Canada;Connor Jarvis
2756;2024-01-13;Mantenimiento Web;44;101.67;4473.48;PayPal;Germany;Richard George
3549;2024-06-09;Diseño Gráfico y Branding;5;147.71;738.55;PayPal;Germany;Michael Martin
6011;2024-06-04;Consultoría en Diseño Web;49;111.79;5477.71;PayPal;UK;Anna Smith
3041;2024-07-23;Consultoría en Diseño Web;9;90.39;813.51;Credit Card;UK;Louis Allison
2244;2024-05-31;Mantenimiento Web;32;65.67;2101.44;Bank Transfer;Germany;Keith Luna
8091;2024-04-28;Desarrollo Web;35;83.37;2917.95;Credit Card;USA;Pamela Brown
4898;2024-04-25;Diseño Gráfico y Branding;28;126.46;3540.88;Bank Transfer;Canada;Brian Johnson
8788;2024-04-14;Desarrollo Web;40;137.26;5490.4;Credit Card;Germany;Jennifer Ellison
6845;2024-09-03;Diseño Gráfico y Branding;34;72.05;2449.7;Bank Transfer;USA;Christopher Weeks
7783;2024-05-29;Consultoría en Diseño Web;42;69.38;2913.96;PayPal;USA;John Williams
9241;2024-02-12;Mantenimiento Web;12;137.36;1648.32;Credit Card;USA;James Fox
5885;2024-04-15;Mantenimiento Web;37;60.42;2235.54;PayPal;UK;Jessica Payne
2128;2024-05-11;Diseño Gráfico y Branding;8;106.93;855.44;PayPal;Canada;Matthew Allison
2780;2024-08-05;Mantenimiento Web;31;137.64;4266.84;PayPal;Australia;Charles Shepherd
3198;2024-09-27;Desarrollo Web;13;142.99;1858.87;Credit Card;UK;Timothy Vasquez
9095;2024-09-16;Desarrollo Web;21;55.86;1173.06;PayPal;Germany;Robert Zimmerman
4481;2024-03-05;Desarrollo Web;29;58.21;1688.09;Credit Card;UK;Monica Farley
7346;2024-02-24;Diseño Gráfico y Branding;46;56.29;2589.34;Credit Card;Australia;Jill Bennett
5096;2024-09-20;Mantenimiento Web;31;58.75;1821.25;Credit Card;Germany;Teresa Walker
7838;2024-09-05;Mantenimiento Web;16;59.14;946.24;Credit Card;USA;Jason Grant
7383;2024-09-30;Desarrollo Web;7;78.96;552.72;PayPal;Canada;Kristina Green
1098;2024-06-16;Diseño Gráfico y Branding;25;39.12;978.0;Bank Transfer;Australia;Amy Conley
9690;2024-04-08;Diseño Gráfico y Branding;48;46.94;2253.12;Credit Card;UK;Danielle Davis
5835;2024-10-25;Diseño Gráfico y Branding;46;59.8;2750.8;PayPal;USA;Jay Hutchinson
8570;2024-09-14;Consultoría en Diseño Web;26;42.81;1113.06;PayPal;Australia;Jennifer Perez
8004;2024-08-22;Consultoría en Diseño Web;26;40.61;1055.86;Credit Card;Germany;Jeremy Leblanc
9945;2024-04-17;Mantenimiento Web;17;93.21;1584.57;Bank Transfer;UK;Jeremy Walker
4370;2024-09-22;Consultoría en Diseño Web;42;149.96;6298.32;PayPal;USA;Shelby Shea
3641;2024-01-05;Consultoría en Diseño Web;37;115.61;4277.57;Bank Transfer;USA;Samantha Wagner
3854;2024-03-03;Diseño Gráfico y Branding;41;92.68;3799.88;Credit Card;Canada;Jessica Ortiz
3287;2024-01-07;Mantenimiento Web;35;59.77;2091.95;Bank Transfer;UK;Richard Casey
2849;2024-02-27;Mantenimiento Web;49;70.78;3468.22;PayPal;Australia;Erin Franco
8461;2024-07-17;Mantenimiento Web;9;98.81;889.29;Bank Transfer;Australia;Rebecca Lynch
4231;2024-06-16;Mantenimiento Web;28;99.92;2797.76;Credit Card;UK;Danielle Chaney
8150;2024-01-02;Diseño Gráfico y Branding;7;103.84;726.88;Bank Transfer;Germany;Danielle Young
9972;2024-06-28;Mantenimiento Web;35;125.23;4383.05;Credit Card;Australia;Danielle Davis
7266;2024-03-17;Mantenimiento Web;6;29.26;175.56;Bank Transfer;USA;Lindsay Rogers
7718;2024-10-28;Desarrollo Web;39;119.79;4671.81;PayPal;Australia;Kelly Pineda
9718;2024-07-15;Diseño Gráfico y Branding;25;127.25;3181.25;PayPal;Canada;Charles Collins
7914;2024-09-03;Diseño Gráfico y Branding;32;87.03;2784.96;Bank Transfer;UK;Austin Garcia
8005;2024-10-17;Consultoría en Diseño Web;7;93.81;656.67;Bank Transfer;USA;Michael Reed
9678;2024-10-13;Mantenimiento Web;16;115.39;1846.24;Bank Transfer;UK;Morgan Short
5228;2024-03-27;Diseño Gráfico y Branding;43;75.15;3231.45;PayPal;UK;Kelly Carter
2955;2024-05-10;Desarrollo Web;21;115.23;2419.83;Bank Transfer;Australia;Jennifer Miller
8776;2024-08-05;Consultoría en Diseño Web;44;95.82;4216.08;Credit Card;Canada;Samuel Greene
8795;2024-01-16;Diseño Gráfico y Branding;34;105.62;3591.08;Bank Transfer;Canada;Jasmine Eaton
7653;2024-09-17;Desarrollo Web;29;57.31;1661.99;PayPal;USA;Angela Hopkins
6610;2024-09-09;Diseño Gráfico y Branding;31;122.11;3785.41;Bank Transfer;Australia;Jennifer Allen
7605;2024-07-08;Consultoría en Diseño Web;47;81.73;3841.31;PayPal;Germany;Laurie Garcia
2500;2024-07-12;Mantenimiento Web;29;34.91;1012.39;Bank Transfer;Canada;Melissa Vasquez
5569;2024-08-09;Consultoría en Diseño Web;28;65.8;1842.4;Credit Card;USA;Wanda Parks
7942;2024-07-24;Mantenimiento Web;39;67.19;2620.41;PayPal;Canada;Michael Pearson
8476;2024-04-16;Consultoría en Diseño Web;20;138.94;2778.8;Credit Card;Australia;Hannah Hobbs
1904;2024-10-04;Diseño Gráfico y Branding;36;146.8;5284.8;Bank Transfer;Germany;Kathleen Garcia
1569;2024-07-14;Desarrollo Web;32;119.51;3824.32;Bank Transfer;Canada;Edward Cochran
6618;2024-02-16;Desarrollo Web;44;105.11;4624.84;PayPal;Australia;Mark Holloway
4585;2024-05-05;Desarrollo Web;14;136.63;1912.82;Credit Card;Australia;Brandon Jackson
4438;2024-06-25;Desarrollo Web;35;124.46;4356.1;Credit Card;UK;Henry Murillo
7740;2024-04-03;Mantenimiento Web;19;38.0;722.0;PayPal;UK;Heather Ortiz
5120;2024-05-06;Desarrollo Web;44;67.74;2980.56;Bank Transfer;USA;Amanda Chandler
2729;2024-04-20;Consultoría en Diseño Web;44;115.8;5095.2;Bank Transfer;Australia;Christine Diaz
3833;2024-08-04;Consultoría en Diseño Web;25;43.92;1098.0;Credit Card;Australia;Linda Garcia
6143;2024-07-26;Desarrollo Web;30;120.67;3620.1;Credit Card;UK;Paul Hurley
5922;2024-06-29;Consultoría en Diseño Web;30;38.3;1149.0;Credit Card;UK;Jennifer Mahoney
6936;2024-04-15;Diseño Gráfico y Branding;34;130.4;4433.6;PayPal;Germany;Michelle Wiley
4276;2024-10-09;Mantenimiento Web;16;84.25;1348.0;PayPal;USA;Daniel Wilson
6505;2024-10-06;Diseño Gráfico y Branding;48;72.81;3494.88;Credit Card;UK;Tyler Lopez
2979;2024-03-01;Diseño Gráfico y Branding;32;28.13;900.16;Bank Transfer;Germany;Brandon Coleman
9480;2024-03-17;Mantenimiento Web;7;85.16;596.12;Credit Card;UK;Andres Simpson
